"Country Name","Country Code","Indicator Name","Indicator Code","1960","1961","1962","1963","1964","1965","1966","1967","1968","1969","1970","1971","1972","1973","1974","1975","1976","1977","1978","1979","1980","1981","1982","1983","1984","1985","1986","1987","1988","1989","1990","1991","1992","1993","1994","1995","1996","1997","1998","1999","2000","2001","2002","2003","2004","2005","2006","2007","2008","2009","2010","2011","2012","2013","2014","2015","2016","2017","2018","2019","2020","2021","2022","2023",
"Aruba","ABW","Total alcohol consumption per capita (liters of pure alcohol, projected estimates, 15+ years of age)","SH.ALC.PCAP.LI","","","","","","","","","","","","","","","","","","","","","","","","","","","","","","","","","","","","","","","","","","","","","","","","","","","","","","","","","","","","","","","","",
"Africa Eastern and Southern","AFE","Total alcohol consumption per capita (liters of pure alcohol, projected estimates, 15+ years of age)","SH.ALC.PCAP.LI","","","","","","","","","","","","","","","","","","","","","","","","","","","","","","","","","","","","","","","","","5.43357078589774","","","","","5.0566862872712","","","","","4.74291518686755","","","","","4.75979799686623","","","","4.61112654273214","","","","",
"Afghanistan","AFG","Total alcohol consumption per capita (liters of pure alcohol, projected estimates, 15+ years of age)","SH.ALC.PCAP.LI","","","","","","","","","","","","","","","","","","","","","","","","","","","","","","","","","","","","","","","","","0.00277","","","","","0.02684","","","","","0.01241","","","","","0.00874","","","","0.01618","","","","",
"Africa Western and Central","AFW","Total alcohol consumption per capita (liters of pure alcohol, projected estimates, 15+ years of age)","SH.ALC.PCAP.LI","","","","","","","","","","","","","","","","","","","","","","","","","","","","","","","","","","","","","","","","","5.71693775150103","","","","","5.76099265216888","","","","","4.70869637012364","","","","","4.4374260825495","","","","4.25634469489539","","","","",
"Angola","AGO","Total alcohol consumption per capita (liters of pure alcohol, projected estimates, 15+ years of age)","SH.ALC.PCAP.LI","","","","","","","","","","","","","","","","","","","","","","","","","","","","","","","","","","","","","","","","","5.18632","","","","","6.68614","","","","","8.3199","","","","","7.75884","","","","6.17199","","","","",
"Albania","ALB","Total alcohol consumption per capita (liters of pure alcohol, projected estimates, 15+ years of age)","SH.ALC.PCAP.LI","","","","","","","","","","","","","","","","","","","","","","","","","","","","","","","","","","","","","","","","","4.431","","","","","5.2974","","","","","5.90031","","","","","5.03752","","","","5.10935","","","","",
"Andorra","AND","Total alcohol consumption per capita (liters of pure alcohol, projected estimates, 15+ years of age)","SH.ALC.PCAP.LI","","","","","","","","","","","","","","","","","","","","","","","","","","","","","","","","","","","","","","","","","12.54881","","","","","12.25667","","","","","10.77698","","","","","10.76055","","","","11.05154","","","","",
"Arab World","ARB","Total alcohol consumption per capita (liters of pure alcohol, projected estimates, 15+ years of age)","SH.ALC.PCAP.LI","","","","","","","","","","","","","","","","","","","","","","","","","","","","","","","","","","","","","","","","","0.369288589299126","","","","","0.381183825874544","","","","","0.41242514646121","","","","","0.393112924807628","","","","0.358011888075817","","","","",
"United Arab Emirates","ARE","Total alcohol consumption per capita (liters of pure alcohol, projected estimates, 15+ years of age)","SH.ALC.PCAP.LI","","","","","","","","","","","","","","","","","","","","","","","","","","","","","","","","","","","","","","","","","1.75983","","","","","1.76984","","","","","1.95895","","","","","2.36656","","","","2.36873","","","","",
"Argentina","ARG","Total alcohol consumption per capita (liters of pure alcohol, projected estimates, 15+ years of age)","SH.ALC.PCAP.LI","","","","","","","","","","","","","","","","","","","","","","","","","","","","","","","","","","","","","","","","","6.72978","","","","","6.16791","","","","","7.69025","","","","","8.5713","","","","8.03999","","","","",
"Armenia","ARM","Total alcohol consumption per capita (liters of pure alcohol, projected estimates, 15+ years of age)","SH.ALC.PCAP.LI","","","","","","","","","","","","","","","","","","","","","","","","","","","","","","","","","","","","","","","","","3.71295","","","","","4.84032","","","","","5.05579","","","","","4.97721","","","","4.98389","","","","",
"American Samoa","ASM","Total alcohol consumption per capita (liters of pure alcohol, projected estimates, 15+ years of age)","SH.ALC.PCAP.LI","","","","","","","","","","","","","","","","","","","","","","","","","","","","","","","","","","","","","","","","","","","","","","","","","","","","","","","","","","","","","","","","",
"Antigua and Barbuda","ATG","Total alcohol consumption per capita (liters of pure alcohol, projected estimates, 15+ years of age)","SH.ALC.PCAP.LI","","","","","","","","","","","","","","","","","","","","","","","","","","","","","","","","","","","","","","","","","5.29374","","","","","5.95229","","","","","5.73723","","","","","7.38706","","","","8.51359","","","","",
"Australia","AUS","Total alcohol consumption per capita (liters of pure alcohol, projected estimates, 15+ years of age)","SH.ALC.PCAP.LI","","","","","","","","","","","","","","","","","","","","","","","","","","","","","","","","","","","","","","","","","10.55397","","","","","10.8197","","","","","11.1012","","","","","10.3903","","","","10.0908","","","","",
"Austria","AUT","Total alcohol consumption per capita (liters of pure alcohol, projected estimates, 15+ years of age)","SH.ALC.PCAP.LI","","","","","","","","","","","","","","","","","","","","","","","","","","","","","","","","","","","","","","","","","12.8907","","","","","12.6126","","","","","12.23209","","","","","12.19174","","","","11.97275","","","","",
"Azerbaijan","AZE","Total alcohol consumption per capita (liters of pure alcohol, projected estimates, 15+ years of age)","SH.ALC.PCAP.LI","","","","","","","","","","","","","","","","","","","","","","","","","","","","","","","","","","","","","","","","","1.56995","","","","","1.8068","","","","","1.81272","","","","","1.43723","","","","1.96779","","","","",
"Burundi","BDI","Total alcohol consumption per capita (liters of pure alcohol, projected estimates, 15+ years of age)","SH.ALC.PCAP.LI","","","","","","","","","","","","","","","","","","","","","","","","","","","","","","","","","","","","","","","","","7.48272","","","","","6.38538","","","","","6.17353","","","","","4.1854","","","","4.12798","","","","",
"Belgium","BEL","Total alcohol consumption per capita (liters of pure alcohol, projected estimates, 15+ years of age)","SH.ALC.PCAP.LI","","","","","","","","","","","","","","","","","","","","","","","","","","","","","","","","","","","","","","","","","11.41915","","","","","11.24895","","","","","11.3319","","","","","11.2362","","","","10.28089","","","","",
"Benin","BEN","Total alcohol consumption per capita (liters of pure alcohol, projected estimates, 15+ years of age)","SH.ALC.PCAP.LI","","","","","","","","","","","","","","","","","","","","","","","","","","","","","","","","","","","","","","","","","2.51799","","","","","2.38999","","","","","6.61282","","","","","8.09811","","","","8.34555","","","","",
"Burkina Faso","BFA","Total alcohol consumption per capita (liters of pure alcohol, projected estimates, 15+ years of age)","SH.ALC.PCAP.LI","","","","","","","","","","","","","","","","","","","","","","","","","","","","","","","","","","","","","","","","","7.86246","","","","","8.41397","","","","","8.10846","","","","","9.66342","","","","9.81281","","","","",
"Bangladesh","BGD","Total alcohol consumption per capita (liters of pure alcohol, projected estimates, 15+ years of age)","SH.ALC.PCAP.LI","","","","","","","","","","","","","","","","","","","","","","","","","","","","","","","","","","","","","","","","","0.00375","","","","","0.00244","","","","","0.0038","","","","","0.00483","","","","0.00516","","","","",
"Bulgaria","BGR","Total alcohol consumption per capita (liters of pure alcohol, projected estimates, 15+ years of age)","SH.ALC.PCAP.LI","","","","","","","","","","","","","","","","","","","","","","","","","","","","","","","","","","","","","","","","","11.3699","","","","","10.67911","","","","","10.65968","","","","","11.44063","","","","11.91963","","","","",
"Bahrain","BHR","Total alcohol consumption per capita (liters of pure alcohol, projected estimates, 15+ years of age)","SH.ALC.PCAP.LI","","","","","","","","","","","","","","","","","","","","","","","","","","","","","","","","","","","","","","","","","2.68516","","","","","2.28207","","","","","2.34833","","","","","1.89326","","","","1.58154","","","","",
"Bahamas, The","BHS","Total alcohol consumption per capita (liters of pure alcohol, projected estimates, 15+ years of age)","SH.ALC.PCAP.LI","","","","","","","","","","","","","","","","","","","","","","","","","","","","","","","","","","","","","","","","","4.82975","","","","","4.68659","","","","","4.32577","","","","","4.36107","","","","4.39408","","","","",
"Bosnia and Herzegovina","BIH","Total alcohol consumption per capita (liters of pure alcohol, projected estimates, 15+ years of age)","SH.ALC.PCAP.LI","","","","","","","","","","","","","","","","","","","","","","","","","","","","","","","","","","","","","","","","","4.91776","","","","","5.58877","","","","","5.73725","","","","","5.95437","","","","6.3848","","","","",
"Belarus","BLR","Total alcohol consumption per capita (liters of pure alcohol, projected estimates, 15+ years of age)","SH.ALC.PCAP.LI","","","","","","","","","","","","","","","","","","","","","","","","","","","","","","","","","","","","","","","","","12.63263","","","","","12.7944","","","","","14.98951","","","","","11.04492","","","","10.90107","","","","",
"Belize","BLZ","Total alcohol consumption per capita (liters of pure alcohol, projected estimates, 15+ years of age)","SH.ALC.PCAP.LI","","","","","","","","","","","","","","","","","","","","","","","","","","","","","","","","","","","","","","","","","4.67903","","","","","5.93156","","","","","6.13009","","","","","6.34192","","","","5.71321","","","","",
"Bermuda","BMU","Total alcohol consumption per capita (liters of pure alcohol, projected estimates, 15+ years of age)","SH.ALC.PCAP.LI","","","","","","","","","","","","","","","","","","","","","","","","","","","","","","","","","","","","","","","","","","","","","","","","","","","","","","","","","","","","","","","","",
"Bolivia","BOL","Total alcohol consumption per capita (liters of pure alcohol, projected estimates, 15+ years of age)","SH.ALC.PCAP.LI","","","","","","","","","","","","","","","","","","","","","","","","","","","","","","","","","","","","","","","","","3.13691","","","","","3.81242","","","","","4.66137","","","","","4.30981","","","","4.09584","","","","",
"Brazil","BRA","Total alcohol consumption per capita (liters of pure alcohol, projected estimates, 15+ years of age)","SH.ALC.PCAP.LI","","","","","","","","","","","","","","","","","","","","","","","","","","","","","","","","","","","","","","","","","8.71482","","","","","8.27579","","","","","8.63131","","","","","8.19602","","","","7.67496","","","","",
"Barbados","BRB","Total alcohol consumption per capita (liters of pure alcohol, projected estimates, 15+ years of age)","SH.ALC.PCAP.LI","","","","","","","","","","","","","","","","","","","","","","","","","","","","","","","","","","","","","","","","","7.02093","","","","","7.80357","","","","","8.2722","","","","","9.1816","","","","9.46831","","","","",
"Brunei Darussalam","BRN","Total alcohol consumption per capita (liters of pure alcohol, projected estimates, 15+ years of age)","SH.ALC.PCAP.LI","","","","","","","","","","","","","","","","","","","","","","","","","","","","","","","","","","","","","","","","","0.21266","","","","","0.17581","","","","","0.28235","","","","","0.40985","","","","0.4118","","","","",
"Bhutan","BTN","Total alcohol consumption per capita (liters of pure alcohol, projected estimates, 15+ years of age)","SH.ALC.PCAP.LI","","","","","","","","","","","","","","","","","","","","","","","","","","","","","","","","","","","","","","","","","3.15778","","","","","2.04339","","","","","0.67886","","","","","0.32406","","","","0.19989","","","","",
"Botswana","BWA","Total alcohol consumption per capita (liters of pure alcohol, projected estimates, 15+ years of age)","SH.ALC.PCAP.LI","","","","","","","","","","","","","","","","","","","","","","","","","","","","","","","","","","","","","","","","","6.93629","","","","","7.44481","","","","","7.4687","","","","","7.07851","","","","8.16316","","","","",
"Central African Republic","CAF","Total alcohol consumption per capita (liters of pure alcohol, projected estimates, 15+ years of age)","SH.ALC.PCAP.LI","","","","","","","","","","","","","","","","","","","","","","","","","","","","","","","","","","","","","","","","","2.35645","","","","","2.29231","","","","","2.45055","","","","","1.93608","","","","1.98657","","","","",
"Canada","CAN","Total alcohol consumption per capita (liters of pure alcohol, projected estimates, 15+ years of age)","SH.ALC.PCAP.LI","","","","","","","","","","","","","","","","","","","","","","","","","","","","","","","","","","","","","","","","","9.37614","","","","","9.75363","","","","","10.21275","","","","","9.91687","","","","9.89647","","","","",
"Central Europe and the Baltics","CEB","Total alcohol consumption per capita (liters of pure alcohol, projected estimates, 15+ years of age)","SH.ALC.PCAP.LI","","","","","","","","","","","","","","","","","","","","","","","","","","","","","","","","","","","","","","","","","12.6459275922354","","","","","12.8505537358352","","","","","12.6264661616145","","","","","12.5401079177272","","","","12.5546157936019","","","","",
"Switzerland","CHE","Total alcohol consumption per capita (liters of pure alcohol, projected estimates, 15+ years of age)","SH.ALC.PCAP.LI","","","","","","","","","","","","","","","","","","","","","","","","","","","","","","","","","","","","","","","","","12.48461","","","","","11.66147","","","","","11.31707","","","","","10.69437","","","","10.39688","","","","",
"Channel Islands","CHI","Total alcohol consumption per capita (liters of pure alcohol, projected estimates, 15+ years of age)","SH.ALC.PCAP.LI","","","","","","","","","","","","","","","","","","","","","","","","","","","","","","","","","","","","","","","","","","","","","","","","","","","","","","","","","","","","","","","","",
"Chile","CHL","Total alcohol consumption per capita (liters of pure alcohol, projected estimates, 15+ years of age)","SH.ALC.PCAP.LI","","","","","","","","","","","","","","","","","","","","","","","","","","","","","","","","","","","","","","","","","6.55045","","","","","7.47088","","","","","7.79076","","","","","7.75342","","","","6.74572","","","","",
"China","CHN","Total alcohol consumption per capita (liters of pure alcohol, projected estimates, 15+ years of age)","SH.ALC.PCAP.LI","","","","","","","","","","","","","","","","","","","","","","","","","","","","","","","","","","","","","","","","","3.62488","","","","","3.45674","","","","","5.90146","","","","","7.34536","","","","5.72525","","","","",
"Cote d'Ivoire","CIV","Total alcohol consumption per capita (liters of pure alcohol, projected estimates, 15+ years of age)","SH.ALC.PCAP.LI","","","","","","","","","","","","","","","","","","","","","","","","","","","","","","","","","","","","","","","","","4.21117","","","","","4.25585","","","","","2.82185","","","","","2.5693","","","","2.80459","","","","",
"Cameroon","CMR","Total alcohol consumption per capita (liters of pure alcohol, projected estimates, 15+ years of age)","SH.ALC.PCAP.LI","","","","","","","","","","","","","","","","","","","","","","","","","","","","","","","","","","","","","","","","","10.74426","","","","","11.46478","","","","","12.54593","","","","","10.72374","","","","10.1012","","","","",
"Congo, Dem. Rep.","COD","Total alcohol consumption per capita (liters of pure alcohol, projected estimates, 15+ years of age)","SH.ALC.PCAP.LI","","","","","","","","","","","","","","","","","","","","","","","","","","","","","","","","","","","","","","","","","8.29227","","","","","5.52034","","","","","3.06342","","","","","2.44432","","","","2.11786","","","","",
"Congo, Rep.","COG","Total alcohol consumption per capita (liters of pure alcohol, projected estimates, 15+ years of age)","SH.ALC.PCAP.LI","","","","","","","","","","","","","","","","","","","","","","","","","","","","","","","","","","","","","","","","","2.83255","","","","","3.02925","","","","","4.65036","","","","","5.67254","","","","6.39562","","","","",
"Colombia","COL","Total alcohol consumption per capita (liters of pure alcohol, projected estimates, 15+ years of age)","SH.ALC.PCAP.LI","","","","","","","","","","","","","","","","","","","","","","","","","","","","","","","","","","","","","","","","","5.33948","","","","","5.22725","","","","","5.06869","","","","","5.01742","","","","4.91572","","","","",
"Comoros","COM","Total alcohol consumption per capita (liters of pure alcohol, projected estimates, 15+ years of age)","SH.ALC.PCAP.LI","","","","","","","","","","","","","","","","","","","","","","","","","","","","","","","","","","","","","","","","","0.15673","","","","","0.43136","","","","","0.19504","","","","","0.20396","","","","0.25281","","","","",
"Cabo Verde","CPV","Total alcohol consumption per capita (liters of pure alcohol, projected estimates, 15+ years of age)","SH.ALC.PCAP.LI","","","","","","","","","","","","","","","","","","","","","","","","","","","","","","","","","","","","","","","","","4.57175","","","","","5.10052","","","","","5.63441","","","","","5.82264","","","","6.27088","","","","",
"Costa Rica","CRI","Total alcohol consumption per capita (liters of pure alcohol, projected estimates, 15+ years of age)","SH.ALC.PCAP.LI","","","","","","","","","","","","","","","","","","","","","","","","","","","","","","","","","","","","","","","","","4.61119","","","","","4.5435","","","","","3.9975","","","","","3.50244","","","","3.45249","","","","",
"Caribbean small states","CSS","Total alcohol consumption per capita (liters of pure alcohol, projected estimates, 15+ years of age)","SH.ALC.PCAP.LI","","","","","","","","","","","","","","","","","","","","","","","","","","","","","","","","","","","","","","","","","4.66845822313156","","","","","4.99636963490808","","","","","4.98464450225195","","","","","5.16945061610869","","","","5.28340872247361","","","","",
"Cuba","CUB","Total alcohol consumption per capita (liters of pure alcohol, projected estimates, 15+ years of age)","SH.ALC.PCAP.LI","","","","","","","","","","","","","","","","","","","","","","","","","","","","","","","","","","","","","","","","","5.43431","","","","","5.75006","","","","","5.49872","","","","","5.85164","","","","6.01384","","","","",
"Curacao","CUW","Total alcohol consumption per capita (liters of pure alcohol, projected estimates, 15+ years of age)","SH.ALC.PCAP.LI","","","","","","","","","","","","","","","","","","","","","","","","","","","","","","","","","","","","","","","","","","","","","","","","","","","","","","","","","","","","","","","","",
"Cayman Islands","CYM","Total alcohol consumption per capita (liters of pure alcohol, projected estimates, 15+ years of age)","SH.ALC.PCAP.LI","","","","","","","","","","","","","","","","","","","","","","","","","","","","","","","","","","","","","","","","","","","","","","","","","","","","","","","","","","","","","","","","",
"Cyprus","CYP","Total alcohol consumption per capita (liters of pure alcohol, projected estimates, 15+ years of age)","SH.ALC.PCAP.LI","","","","","","","","","","","","","","","","","","","","","","","","","","","","","","","","","","","","","","","","","8.86417","","","","","9.88054","","","","","9.1191","","","","","8.11866","","","","8.05289","","","","",
"Czechia","CZE","Total alcohol consumption per capita (liters of pure alcohol, projected estimates, 15+ years of age)","SH.ALC.PCAP.LI","","","","","","","","","","","","","","","","","","","","","","","","","","","","","","","","","","","","","","","","","14.22081","","","","","13.9892","","","","","13.3274","","","","","13.21968","","","","13.28805","","","","",
"Germany","DEU","Total alcohol consumption per capita (liters of pure alcohol, projected estimates, 15+ years of age)","SH.ALC.PCAP.LI","","","","","","","","","","","","","","","","","","","","","","","","","","","","","","","","","","","","","","","","","13.81996","","","","","13.00788","","","","","12.41432","","","","","12.14919","","","","12.21997","","","","",
"Djibouti","DJI","Total alcohol consumption per capita (liters of pure alcohol, projected estimates, 15+ years of age)","SH.ALC.PCAP.LI","","","","","","","","","","","","","","","","","","","","","","","","","","","","","","","","","","","","","","","","","0.65219","","","","","0.67377","","","","","0.69242","","","","","0.53441","","","","0.40234","","","","",
"Dominica","DMA","Total alcohol consumption per capita (liters of pure alcohol, projected estimates, 15+ years of age)","SH.ALC.PCAP.LI","","","","","","","","","","","","","","","","","","","","","","","","","","","","","","","","","","","","","","","","","8.11513","","","","","7.9088","","","","","6.55489","","","","","6.3121","","","","6.09709","","","","",
"Denmark","DNK","Total alcohol consumption per capita (liters of pure alcohol, projected estimates, 15+ years of age)","SH.ALC.PCAP.LI","","","","","","","","","","","","","","","","","","","","","","","","","","","","","","","","","","","","","","","","","11.68806","","","","","11.32966","","","","","10.38865","","","","","9.61349","","","","9.40172","","","","",
"Dominican Republic","DOM","Total alcohol consumption per capita (liters of pure alcohol, projected estimates, 15+ years of age)","SH.ALC.PCAP.LI","","","","","","","","","","","","","","","","","","","","","","","","","","","","","","","","","","","","","","","","","7.90557","","","","","6.96088","","","","","6.83664","","","","","6.57202","","","","6.76339","","","","",
"Algeria","DZA","Total alcohol consumption per capita (liters of pure alcohol, projected estimates, 15+ years of age)","SH.ALC.PCAP.LI","","","","","","","","","","","","","","","","","","","","","","","","","","","","","","","","","","","","","","","","","0.30323","","","","","0.4741","","","","","0.43874","","","","","0.5844","","","","0.61271","","","","",
"East Asia & Pacific (excluding high income)","EAP","Total alcohol consumption per capita (liters of pure alcohol, projected estimates, 15+ years of age)","SH.ALC.PCAP.LI","","","","","","","","","","","","","","","","","","","","","","","","","","","","","","","","","","","","","","","","","3.36241720405557","","","","","3.3392709987282","","","","","5.16088502361212","","","","","6.2498708818451","","","","5.15149285419615","","","","",
"Early-demographic dividend","EAR","Total alcohol consumption per capita (liters of pure alcohol, projected estimates, 15+ years of age)","SH.ALC.PCAP.LI","","","","","","","","","","","","","","","","","","","","","","","","","","","","","","","","","","","","","","","","","2.11393045410239","","","","","2.27500522347961","","","","","3.27342756508498","","","","","3.43247486946776","","","","3.45002761204138","","","","",
"East Asia & Pacific","EAS","Total alcohol consumption per capita (liters of pure alcohol, projected estimates, 15+ years of age)","SH.ALC.PCAP.LI","","","","","","","","","","","","","","","","","","","","","","","","","","","","","","","","","","","","","","","","","3.9430639539088","","","","","3.84571263086071","","","","","5.42817662303312","","","","","6.37289959582751","","","","5.37240605384228","","","","",
"Europe & Central Asia (excluding high income)","ECA","Total alcohol consumption per capita (liters of pure alcohol, projected estimates, 15+ years of age)","SH.ALC.PCAP.LI","","","","","","","","","","","","","","","","","","","","","","","","","","","","","","","","","","","","","","","","","9.5723598634987","","","","","9.68667932194925","","","","","9.12942271465986","","","","","7.68339519093222","","","","6.97144179561819","","","","",
"Europe & Central Asia","ECS","Total alcohol consumption per capita (liters of pure alcohol, projected estimates, 15+ years of age)","SH.ALC.PCAP.LI","","","","","","","","","","","","","","","","","","","","","","","","","","","","","","","","","","","","","","","","","11.1695686894475","","","","","10.9835308364957","","","","","10.2515117819859","","","","","9.51270975074347","","","","9.25115887738094","","","","",
"Ecuador","ECU","Total alcohol consumption per capita (liters of pure alcohol, projected estimates, 15+ years of age)","SH.ALC.PCAP.LI","","","","","","","","","","","","","","","","","","","","","","","","","","","","","","","","","","","","","","","","","4.17153","","","","","3.76136","","","","","4.12051","","","","","3.84909","","","","3.25713","","","","",
"Egypt, Arab Rep.","EGY","Total alcohol consumption per capita (liters of pure alcohol, projected estimates, 15+ years of age)","SH.ALC.PCAP.LI","","","","","","","","","","","","","","","","","","","","","","","","","","","","","","","","","","","","","","","","","0.13731","","","","","0.15779","","","","","0.20168","","","","","0.17949","","","","0.14772","","","","",
"Euro area","EMU","Total alcohol consumption per capita (liters of pure alcohol, projected estimates, 15+ years of age)","SH.ALC.PCAP.LI","","","","","","","","","","","","","","","","","","","","","","","","","","","","","","","","","","","","","","","","","12.1696989190719","","","","","11.5533548629322","","","","","10.6580651940722","","","","","10.4894437134691","","","","10.5357554971283","","","","",
"Eritrea","ERI","Total alcohol consumption per capita (liters of pure alcohol, projected estimates, 15+ years of age)","SH.ALC.PCAP.LI","","","","","","","","","","","","","","","","","","","","","","","","","","","","","","","","","","","","","","","","","1.00396","","","","","1.24925","","","","","1.44598","","","","","1.32212","","","","1.22926","","","","",
"Spain","ESP","Total alcohol consumption per capita (liters of pure alcohol, projected estimates, 15+ years of age)","SH.ALC.PCAP.LI","","","","","","","","","","","","","","","","","","","","","","","","","","","","","","","","","","","","","","","","","11.66679","","","","","11.95362","","","","","9.48963","","","","","9.94182","","","","10.91336","","","","",
"Estonia","EST","Total alcohol consumption per capita (liters of pure alcohol, projected estimates, 15+ years of age)","SH.ALC.PCAP.LI","","","","","","","","","","","","","","","","","","","","","","","","","","","","","","","","","","","","","","","","","10.45458","","","","","15.25045","","","","","14.22937","","","","","15.05872","","","","11.26302","","","","",
"Ethiopia","ETH","Total alcohol consumption per capita (liters of pure alcohol, projected estimates, 15+ years of age)","SH.ALC.PCAP.LI","","","","","","","","","","","","","","","","","","","","","","","","","","","","","","","","","","","","","","","","","1.20279","","","","","1.39794","","","","","1.66882","","","","","2.51883","","","","3.36259","","","","",
"European Union","EUU","Total alcohol consumption per capita (liters of pure alcohol, projected estimates, 15+ years of age)","SH.ALC.PCAP.LI","","","","","","","","","","","","","","","","","","","","","","","","","","","","","","","","","","","","","","","","","12.2802025760913","","","","","11.8286691407155","","","","","11.0782007771916","","","","","10.9058955001652","","","","10.9506990305612","","","","",
"Fragile and conflict affected situations","FCS","Total alcohol consumption per capita (liters of pure alcohol, projected estimates, 15+ years of age)","SH.ALC.PCAP.LI","","","","","","","","","","","","","","","","","","","","","","","","","","","","","","","","","","","","","","","","","4.70195929581294","","","","","4.41093947608791","","","","","3.7871635847748","","","","","3.42437499464706","","","","3.20825016140992","","","","",
"Finland","FIN","Total alcohol consumption per capita (liters of pure alcohol, projected estimates, 15+ years of age)","SH.ALC.PCAP.LI","","","","","","","","","","","","","","","","","","","","","","","","","","","","","","","","","","","","","","","","","10.00369","","","","","10.94859","","","","","10.73588","","","","","9.43487","","","","9.15577","","","","",
"Fiji","FJI","Total alcohol consumption per capita (liters of pure alcohol, projected estimates, 15+ years of age)","SH.ALC.PCAP.LI","","","","","","","","","","","","","","","","","","","","","","","","","","","","","","","","","","","","","","","","","2.40679","","","","","2.67437","","","","","2.84961","","","","","3.05805","","","","3.44896","","","","",
"France","FRA","Total alcohol consumption per capita (liters of pure alcohol, projected estimates, 15+ years of age)","SH.ALC.PCAP.LI","","","","","","","","","","","","","","","","","","","","","","","","","","","","","","","","","","","","","","","","","13.71902","","","","","12.81452","","","","","12.25158","","","","","11.72756","","","","11.30123","","","","",
"Faroe Islands","FRO","Total alcohol consumption per capita (liters of pure alcohol, projected estimates, 15+ years of age)","SH.ALC.PCAP.LI","","","","","","","","","","","","","","","","","","","","","","","","","","","","","","","","","","","","","","","","","","","","","","","","","","","","","","","","","","","","","","","","",
"Micronesia, Fed. Sts.","FSM","Total alcohol consumption per capita (liters of pure alcohol, projected estimates, 15+ years of age)","SH.ALC.PCAP.LI","","","","","","","","","","","","","","","","","","","","","","","","","","","","","","","","","","","","","","","","","3.38574","","","","","2.51241","","","","","2.49966","","","","","2.09332","","","","2.12472","","","","",
"Gabon","GAB","Total alcohol consumption per capita (liters of pure alcohol, projected estimates, 15+ years of age)","SH.ALC.PCAP.LI","","","","","","","","","","","","","","","","","","","","","","","","","","","","","","","","","","","","","","","","","9.64371","","","","","8.89378","","","","","8.91396","","","","","8.60308","","","","7.33414","","","","",
"United Kingdom","GBR","Total alcohol consumption per capita (liters of pure alcohol, projected estimates, 15+ years of age)","SH.ALC.PCAP.LI","","","","","","","","","","","","","","","","","","","","","","","","","","","","","","","","","","","","","","","","","12.27756","","","","","12.37859","","","","","10.95399","","","","","10.51561","","","","10.8168","","","","",
"Georgia","GEO","Total alcohol consumption per capita (liters of pure alcohol, projected estimates, 15+ years of age)","SH.ALC.PCAP.LI","","","","","","","","","","","","","","","","","","","","","","","","","","","","","","","","","","","","","","","","","10.56528","","","","","12.26199","","","","","14.83722","","","","","13.94713","","","","14.32856","","","","",
"Ghana","GHA","Total alcohol consumption per capita (liters of pure alcohol, projected estimates, 15+ years of age)","SH.ALC.PCAP.LI","","","","","","","","","","","","","","","","","","","","","","","","","","","","","","","","","","","","","","","","","5.32188","","","","","5.10609","","","","","5.45291","","","","","5.00805","","","","4.54779","","","","",
"Gibraltar","GIB","Total alcohol consumption per capita (liters of pure alcohol, projected estimates, 15+ years of age)","SH.ALC.PCAP.LI","","","","","","","","","","","","","","","","","","","","","","","","","","","","","","","","","","","","","","","","","","","","","","","","","","","","","","","","","","","","","","","","",
"Guinea","GIN","Total alcohol consumption per capita (liters of pure alcohol, projected estimates, 15+ years of age)","SH.ALC.PCAP.LI","","","","","","","","","","","","","","","","","","","","","","","","","","","","","","","","","","","","","","","","","0.29239","","","","","0.35966","","","","","0.30785","","","","","0.49733","","","","0.46907","","","","",
"Gambia, The","GMB","Total alcohol consumption per capita (liters of pure alcohol, projected estimates, 15+ years of age)","SH.ALC.PCAP.LI","","","","","","","","","","","","","","","","","","","","","","","","","","","","","","","","","","","","","","","","","3.73916","","","","","3.82935","","","","","3.16961","","","","","2.07011","","","","1.11406","","","","",
"Guinea-Bissau","GNB","Total alcohol consumption per capita (liters of pure alcohol, projected estimates, 15+ years of age)","SH.ALC.PCAP.LI","","","","","","","","","","","","","","","","","","","","","","","","","","","","","","","","","","","","","","","","","4.147","","","","","4.44712","","","","","3.88285","","","","","3.98813","","","","4.14307","","","","",
"Equatorial Guinea","GNQ","Total alcohol consumption per capita (liters of pure alcohol, projected estimates, 15+ years of age)","SH.ALC.PCAP.LI","","","","","","","","","","","","","","","","","","","","","","","","","","","","","","","","","","","","","","","","","7.75002","","","","","9.11411","","","","","9.16365","","","","","8.71247","","","","6.94451","","","","",
"Greece","GRC","Total alcohol consumption per capita (liters of pure alcohol, projected estimates, 15+ years of age)","SH.ALC.PCAP.LI","","","","","","","","","","","","","","","","","","","","","","","","","","","","","","","","","","","","","","","","","8.72506","","","","","9.27097","","","","","8.71981","","","","","7.4752","","","","7.11519","","","","",
"Grenada","GRD","Total alcohol consumption per capita (liters of pure alcohol, projected estimates, 15+ years of age)","SH.ALC.PCAP.LI","","","","","","","","","","","","","","","","","","","","","","","","","","","","","","","","","","","","","","","","","7.6851","","","","","7.93838","","","","","7.55081","","","","","7.76515","","","","8.05902","","","","",
"Greenland","GRL","Total alcohol consumption per capita (liters of pure alcohol, projected estimates, 15+ years of age)","SH.ALC.PCAP.LI","","","","","","","","","","","","","","","","","","","","","","","","","","","","","","","","","","","","","","","","","","","","","","","","","","","","","","","","","","","","","","","","",
"Guatemala","GTM","Total alcohol consumption per capita (liters of pure alcohol, projected estimates, 15+ years of age)","SH.ALC.PCAP.LI","","","","","","","","","","","","","","","","","","","","","","","","","","","","","","","","","","","","","","","","","2.41236","","","","","2.27228","","","","","2.04364","","","","","1.64841","","","","1.62539","","","","",
"Guam","GUM","Total alcohol consumption per capita (liters of pure alcohol, projected estimates, 15+ years of age)","SH.ALC.PCAP.LI","","","","","","","","","","","","","","","","","","","","","","","","","","","","","","","","","","","","","","","","","","","","","","","","","","","","","","","","","","","","","","","","",
"Guyana","GUY","Total alcohol consumption per capita (liters of pure alcohol, projected estimates, 15+ years of age)","SH.ALC.PCAP.LI","","","","","","","","","","","","","","","","","","","","","","","","","","","","","","","","","","","","","","","","","5.38478","","","","","5.82427","","","","","5.76731","","","","","5.74604","","","","5.34695","","","","",
"High income","HIC","Total alcohol consumption per capita (liters of pure alcohol, projected estimates, 15+ years of age)","SH.ALC.PCAP.LI","","","","","","","","","","","","","","","","","","","","","","","","","","","","","","","","","","","","","","","","","10.1837985387331","","","","","9.95723873505295","","","","","9.43260470634701","","","","","9.24590212140244","","","","9.21893484342183","","","","",
"Hong Kong SAR, China","HKG","Total alcohol consumption per capita (liters of pure alcohol, projected estimates, 15+ years of age)","SH.ALC.PCAP.LI","","","","","","","","","","","","","","","","","","","","","","","","","","","","","","","","","","","","","","","","","","","","","","","","","","","","","","","","","","","","","","","","",
"Honduras","HND","Total alcohol consumption per capita (liters of pure alcohol, projected estimates, 15+ years of age)","SH.ALC.PCAP.LI","","","","","","","","","","","","","","","","","","","","","","","","","","","","","","","","","","","","","","","","","3.09442","","","","","3.39414","","","","","3.1297","","","","","2.85145","","","","3.1686","","","","",
"Heavily indebted poor countries (HIPC)","HPC","Total alcohol consumption per capita (liters of pure alcohol, projected estimates, 15+ years of age)","SH.ALC.PCAP.LI","","","","","","","","","","","","","","","","","","","","","","","","","","","","","","","","","","","","","","","","","4.43367946771708","","","","","4.16466355629592","","","","","3.97358004835587","","","","","3.98519465533976","","","","3.91466320893181","","","","",
"Croatia","HRV","Total alcohol consumption per capita (liters of pure alcohol, projected estimates, 15+ years of age)","SH.ALC.PCAP.LI","","","","","","","","","","","","","","","","","","","","","","","","","","","","","","","","","","","","","","","","","10.94054","","","","","9.4624","","","","","9.47901","","","","","8.59113","","","","8.54359","","","","",
"Haiti","HTI","Total alcohol consumption per capita (liters of pure alcohol, projected estimates, 15+ years of age)","SH.ALC.PCAP.LI","","","","","","","","","","","","","","","","","","","","","","","","","","","","","","","","","","","","","","","","","4.14456","","","","","4.01783","","","","","3.1354","","","","","3.2231","","","","3.45064","","","","",
"Hungary","HUN","Total alcohol consumption per capita (liters of pure alcohol, projected estimates, 15+ years of age)","SH.ALC.PCAP.LI","","","","","","","","","","","","","","","","","","","","","","","","","","","","","","","","","","","","","","","","","12.38419","","","","","12.58286","","","","","10.83775","","","","","10.67668","","","","10.59925","","","","",
"IBRD only","IBD","Total alcohol consumption per capita (liters of pure alcohol, projected estimates, 15+ years of age)","SH.ALC.PCAP.LI","","","","","","","","","","","","","","","","","","","","","","","","","","","","","","","","","","","","","","","","","4.17199460105667","","","","","4.18903066783938","","","","","5.56991683294237","","","","","5.93623377919439","","","","5.29299990426943","","","","",
"IDA & IBRD total","IBT","Total alcohol consumption per capita (liters of pure alcohol, projected estimates, 15+ years of age)","SH.ALC.PCAP.LI","","","","","","","","","","","","","","","","","","","","","","","","","","","","","","","","","","","","","","","","","3.96269566202669","","","","","3.95768606761498","","","","","4.98276111873317","","","","","5.25832888715651","","","","4.72861620156825","","","","",
"IDA total","IDA","Total alcohol consumption per capita (liters of pure alcohol, projected estimates, 15+ years of age)","SH.ALC.PCAP.LI","","","","","","","","","","","","","","","","","","","","","","","","","","","","","","","","","","","","","","","","","3.03928432499773","","","","","2.98029831833419","","","","","2.63597711303402","","","","","2.70293022546466","","","","2.72349852427688","","","","",
"IDA blend","IDB","Total alcohol consumption per capita (liters of pure alcohol, projected estimates, 15+ years of age)","SH.ALC.PCAP.LI","","","","","","","","","","","","","","","","","","","","","","","","","","","","","","","","","","","","","","","","","3.64894884296823","","","","","3.68709100347525","","","","","2.680097551703","","","","","2.54594368917724","","","","2.52279561313361","","","","",
"Indonesia","IDN","Total alcohol consumption per capita (liters of pure alcohol, projected estimates, 15+ years of age)","SH.ALC.PCAP.LI","","","","","","","","","","","","","","","","","","","","","","","","","","","","","","","","","","","","","","","","","0.08298","","","","","0.08199","","","","","0.10398","","","","","0.11112","","","","0.11037","","","","",
"IDA only","IDX","Total alcohol consumption per capita (liters of pure alcohol, projected estimates, 15+ years of age)","SH.ALC.PCAP.LI","","","","","","","","","","","","","","","","","","","","","","","","","","","","","","","","","","","","","","","","","2.73301249343137","","","","","2.6233500056208","","","","","2.61354283235241","","","","","2.78196965328557","","","","2.82245713131275","","","","",
"Isle of Man","IMN","Total alcohol consumption per capita (liters of pure alcohol, projected estimates, 15+ years of age)","SH.ALC.PCAP.LI","","","","","","","","","","","","","","","","","","","","","","","","","","","","","","","","","","","","","","","","","","","","","","","","","","","","","","","","","","","","","","","","",
"India","IND","Total alcohol consumption per capita (liters of pure alcohol, projected estimates, 15+ years of age)","SH.ALC.PCAP.LI","","","","","","","","","","","","","","","","","","","","","","","","","","","","","","","","","","","","","","","","","1.97474","","","","","2.38698","","","","","4.61673","","","","","4.95978","","","","4.92498","","","","",
"Not classified","INX","Total alcohol consumption per capita (liters of pure alcohol, projected estimates, 15+ years of age)","SH.ALC.PCAP.LI","","","","","","","","","","","","","","","","","","","","","","","","","","","","","","","","","","","","","","","","","","","","","","","","","","","","","","","","","","","","","","","","",
"Ireland","IRL","Total alcohol consumption per capita (liters of pure alcohol, projected estimates, 15+ years of age)","SH.ALC.PCAP.LI","","","","","","","","","","","","","","","","","","","","","","","","","","","","","","","","","","","","","","","","","15.03272","","","","","14.14072","","","","","12.21442","","","","","11.71409","","","","11.7039","","","","",
"Iran, Islamic Rep.","IRN","Total alcohol consumption per capita (liters of pure alcohol, projected estimates, 15+ years of age)","SH.ALC.PCAP.LI","","","","","","","","","","","","","","","","","","","","","","","","","","","","","","","","","","","","","","","","","0.02131","","","","","0.08456","","","","","1.1239","","","","","0.43723","","","","0.70015","","","","",
"Iraq","IRQ","Total alcohol consumption per capita (liters of pure alcohol, projected estimates, 15+ years of age)","SH.ALC.PCAP.LI","","","","","","","","","","","","","","","","","","","","","","","","","","","","","","","","","","","","","","","","","0.18899","","","","","0.14291","","","","","0.23983","","","","","0.2307","","","","0.24048","","","","",
"Iceland","ISL","Total alcohol consumption per capita (liters of pure alcohol, projected estimates, 15+ years of age)","SH.ALC.PCAP.LI","","","","","","","","","","","","","","","","","","","","","","","","","","","","","","","","","","","","","","","","","6.91687","","","","","7.52491","","","","","7.47418","","","","","7.84791","","","","8.07439","","","","",
"Israel","ISR","Total alcohol consumption per capita (liters of pure alcohol, projected estimates, 15+ years of age)","SH.ALC.PCAP.LI","","","","","","","","","","","","","","","","","","","","","","","","","","","","","","","","","","","","","","","","","2.92545","","","","","2.8461","","","","","3.16162","","","","","2.94125","","","","3.00583","","","","",
"Italy","ITA","Total alcohol consumption per capita (liters of pure alcohol, projected estimates, 15+ years of age)","SH.ALC.PCAP.LI","","","","","","","","","","","","","","","","","","","","","","","","","","","","","","","","","","","","","","","","","9.95187","","","","","8.31721","","","","","7.21902","","","","","7.67835","","","","7.96607","","","","",
"Jamaica","JAM","Total alcohol consumption per capita (liters of pure alcohol, projected estimates, 15+ years of age)","SH.ALC.PCAP.LI","","","","","","","","","","","","","","","","","","","","","","","","","","","","","","","","","","","","","","","","","3.33738","","","","","3.13045","","","","","3.04422","","","","","3.38755","","","","3.60021","","","","",
"Jordan","JOR","Total alcohol consumption per capita (liters of pure alcohol, projected estimates, 15+ years of age)","SH.ALC.PCAP.LI","","","","","","","","","","","","","","","","","","","","","","","","","","","","","","","","","","","","","","","","","0.49358","","","","","0.5001","","","","","0.47996","","","","","0.36628","","","","0.30566","","","","",
"Japan","JPN","Total alcohol consumption per capita (liters of pure alcohol, projected estimates, 15+ years of age)","SH.ALC.PCAP.LI","","","","","","","","","","","","","","","","","","","","","","","","","","","","","","","","","","","","","","","","","7.65855","","","","","7.41497","","","","","6.77009","","","","","6.71821","","","","6.68016","","","","",
"Kazakhstan","KAZ","Total alcohol consumption per capita (liters of pure alcohol, projected estimates, 15+ years of age)","SH.ALC.PCAP.LI","","","","","","","","","","","","","","","","","","","","","","","","","","","","","","","","","","","","","","","","","6.64084","","","","","7.4132","","","","","4.20016","","","","","4.17174","","","","4.52228","","","","",
"Kenya","KEN","Total alcohol consumption per capita (liters of pure alcohol, projected estimates, 15+ years of age)","SH.ALC.PCAP.LI","","","","","","","","","","","","","","","","","","","","","","","","","","","","","","","","","","","","","","","","","2.15626","","","","","2.15478","","","","","2.51236","","","","","2.781","","","","2.86537","","","","",
"Kyrgyz Republic","KGZ","Total alcohol consumption per capita (liters of pure alcohol, projected estimates, 15+ years of age)","SH.ALC.PCAP.LI","","","","","","","","","","","","","","","","","","","","","","","","","","","","","","","","","","","","","","","","","5.53183","","","","","6.74098","","","","","6.3873","","","","","6.16956","","","","4.95335","","","","",
"Cambodia","KHM","Total alcohol consumption per capita (liters of pure alcohol, projected estimates, 15+ years of age)","SH.ALC.PCAP.LI","","","","","","","","","","","","","","","","","","","","","","","","","","","","","","","","","","","","","","","","","1.80814","","","","","2.80631","","","","","4.70848","","","","","7.06241","","","","8.48211","","","","",
"Kiribati","KIR","Total alcohol consumption per capita (liters of pure alcohol, projected estimates, 15+ years of age)","SH.ALC.PCAP.LI","","","","","","","","","","","","","","","","","","","","","","","","","","","","","","","","","","","","","","","","","1.46528","","","","","1.11892","","","","","0.65397","","","","","0.70904","","","","0.75599","","","","",
"St. Kitts and Nevis","KNA","Total alcohol consumption per capita (liters of pure alcohol, projected estimates, 15+ years of age)","SH.ALC.PCAP.LI","","","","","","","","","","","","","","","","","","","","","","","","","","","","","","","","","","","","","","","","","6.45746","","","","","7.78943","","","","","6.46794","","","","","6.11651","","","","6.34118","","","","",
"Korea, Rep.","KOR","Total alcohol consumption per capita (liters of pure alcohol, projected estimates, 15+ years of age)","SH.ALC.PCAP.LI","","","","","","","","","","","","","","","","","","","","","","","","","","","","","","","","","","","","","","","","","10.92941","","","","","9.507","","","","","9.37587","","","","","8.52494","","","","8.18953","","","","",
"Kuwait","KWT","Total alcohol consumption per capita (liters of pure alcohol, projected estimates, 15+ years of age)","SH.ALC.PCAP.LI","","","","","","","","","","","","","","","","","","","","","","","","","","","","","","","","","","","","","","","","","0","","","","","0","","","","","0","","","","","0","","","","0","","","","",
"Latin America & Caribbean (excluding high income)","LAC","Total alcohol consumption per capita (liters of pure alcohol, projected estimates, 15+ years of age)","SH.ALC.PCAP.LI","","","","","","","","","","","","","","","","","","","","","","","","","","","","","","","","","","","","","","","","","6.80049734571284","","","","","6.5727814974816","","","","","6.66216655876689","","","","","6.48921068422428","","","","6.33582150848942","","","","",
"Lao PDR","LAO","Total alcohol consumption per capita (liters of pure alcohol, projected estimates, 15+ years of age)","SH.ALC.PCAP.LI","","","","","","","","","","","","","","","","","","","","","","","","","","","","","","","","","","","","","","","","","8.17678","","","","","7.82161","","","","","10.41566","","","","","11.30905","","","","11.52024","","","","",
"Lebanon","LBN","Total alcohol consumption per capita (liters of pure alcohol, projected estimates, 15+ years of age)","SH.ALC.PCAP.LI","","","","","","","","","","","","","","","","","","","","","","","","","","","","","","","","","","","","","","","","","2.28251","","","","","1.93744","","","","","1.81577","","","","","1.53351","","","","1.48062","","","","",
"Liberia","LBR","Total alcohol consumption per capita (liters of pure alcohol, projected estimates, 15+ years of age)","SH.ALC.PCAP.LI","","","","","","","","","","","","","","","","","","","","","","","","","","","","","","","","","","","","","","","","","4.49717","","","","","4.32343","","","","","3.89923","","","","","3.62643","","","","3.64307","","","","",
"Libya","LBY","Total alcohol consumption per capita (liters of pure alcohol, projected estimates, 15+ years of age)","SH.ALC.PCAP.LI","","","","","","","","","","","","","","","","","","","","","","","","","","","","","","","","","","","","","","","","","0.00703","","","","","0.02729","","","","","0.00691","","","","","0.01084","","","","0.0084","","","","",
"St. Lucia","LCA","Total alcohol consumption per capita (liters of pure alcohol, projected estimates, 15+ years of age)","SH.ALC.PCAP.LI","","","","","","","","","","","","","","","","","","","","","","","","","","","","","","","","","","","","","","","","","10.34978","","","","","11.53567","","","","","9.59824","","","","","8.63178","","","","9.47123","","","","",
"Latin America & Caribbean","LCN","Total alcohol consumption per capita (liters of pure alcohol, projected estimates, 15+ years of age)","SH.ALC.PCAP.LI","","","","","","","","","","","","","","","","","","","","","","","","","","","","","","","","","","","","","","","","","6.8400881287874","","","","","6.6773276400239","","","","","6.74316945044882","","","","","6.50413468134729","","","","6.20292846561902","","","","",
"Least developed countries: UN classification","LDC","Total alcohol consumption per capita (liters of pure alcohol, projected estimates, 15+ years of age)","SH.ALC.PCAP.LI","","","","","","","","","","","","","","","","","","","","","","","","","","","","","","","","","","","","","","","","","2.7185149545228","","","","","2.62497316988792","","","","","2.68597451228302","","","","","2.8819139037444","","","","2.9056227498463","","","","",
"Low income","LIC","Total alcohol consumption per capita (liters of pure alcohol, projected estimates, 15+ years of age)","SH.ALC.PCAP.LI","","","","","","","","","","","","","","","","","","","","","","","","","","","","","","","","","","","","","","","","","3.4767403806277","","","","","3.09623646986308","","","","","2.75521127842045","","","","","2.85511740661255","","","","2.88060334171031","","","","",
"Liechtenstein","LIE","Total alcohol consumption per capita (liters of pure alcohol, projected estimates, 15+ years of age)","SH.ALC.PCAP.LI","","","","","","","","","","","","","","","","","","","","","","","","","","","","","","","","","","","","","","","","","","","","","","","","","","","","","","","","","","","","","","","","",
"Sri Lanka","LKA","Total alcohol consumption per capita (liters of pure alcohol, projected estimates, 15+ years of age)","SH.ALC.PCAP.LI","","","","","","","","","","","","","","","","","","","","","","","","","","","","","","","","","","","","","","","","","1.87767","","","","","2.0569","","","","","2.60332","","","","","2.86093","","","","2.82954","","","","",
"Lower middle income","LMC","Total alcohol consumption per capita (liters of pure alcohol, projected estimates, 15+ years of age)","SH.ALC.PCAP.LI","","","","","","","","","","","","","","","","","","","","","","","","","","","","","","","","","","","","","","","","","2.53663470175612","","","","","2.79505752419007","","","","","3.92865975550677","","","","","4.06286295593913","","","","4.03627239443929","","","","",
"Low & middle income","LMY","Total alcohol consumption per capita (liters of pure alcohol, projected estimates, 15+ years of age)","SH.ALC.PCAP.LI","","","","","","","","","","","","","","","","","","","","","","","","","","","","","","","","","","","","","","","","","3.79192811361183","","","","","3.79397749450085","","","","","4.84933368971358","","","","","5.14985749680181","","","","4.63490053031466","","","","",
"Lesotho","LSO","Total alcohol consumption per capita (liters of pure alcohol, projected estimates, 15+ years of age)","SH.ALC.PCAP.LI","","","","","","","","","","","","","","","","","","","","","","","","","","","","","","","","","","","","","","","","","3.75571","","","","","3.64693","","","","","3.38959","","","","","3.28338","","","","4.54072","","","","",
"Late-demographic dividend","LTE","Total alcohol consumption per capita (liters of pure alcohol, projected estimates, 15+ years of age)","SH.ALC.PCAP.LI","","","","","","","","","","","","","","","","","","","","","","","","","","","","","","","","","","","","","","","","","5.35674045963289","","","","","5.3093901245062","","","","","6.79680925235155","","","","","7.52997535398774","","","","6.38268778789183","","","","",
"Lithuania","LTU","Total alcohol consumption per capita (liters of pure alcohol, projected estimates, 15+ years of age)","SH.ALC.PCAP.LI","","","","","","","","","","","","","","","","","","","","","","","","","","","","","","","","","","","","","","","","","11.5037","","","","","13.52593","","","","","14.05427","","","","","14.1729","","","","11.7853","","","","",
"Luxembourg","LUX","Total alcohol consumption per capita (liters of pure alcohol, projected estimates, 15+ years of age)","SH.ALC.PCAP.LI","","","","","","","","","","","","","","","","","","","","","","","","","","","","","","","","","","","","","","","","","13.65228","","","","","12.74918","","","","","12.13358","","","","","11.71343","","","","11.5288","","","","",
"Latvia","LVA","Total alcohol consumption per capita (liters of pure alcohol, projected estimates, 15+ years of age)","SH.ALC.PCAP.LI","","","","","","","","","","","","","","","","","","","","","","","","","","","","","","","","","","","","","","","","","8.89898","","","","","10.86991","","","","","10.99456","","","","","11.60985","","","","13.09042","","","","",
"Macao SAR, China","MAC","Total alcohol consumption per capita (liters of pure alcohol, projected estimates, 15+ years of age)","SH.ALC.PCAP.LI","","","","","","","","","","","","","","","","","","","","","","","","","","","","","","","","","","","","","","","","","","","","","","","","","","","","","","","","","","","","","","","","",
"St. Martin (French part)","MAF","Total alcohol consumption per capita (liters of pure alcohol, projected estimates, 15+ years of age)","SH.ALC.PCAP.LI","","","","","","","","","","","","","","","","","","","","","","","","","","","","","","","","","","","","","","","","","","","","","","","","","","","","","","","","","","","","","","","","",
"Morocco","MAR","Total alcohol consumption per capita (liters of pure alcohol, projected estimates, 15+ years of age)","SH.ALC.PCAP.LI","","","","","","","","","","","","","","","","","","","","","","","","","","","","","","","","","","","","","","","","","0.46336","","","","","0.48119","","","","","0.50344","","","","","0.40654","","","","0.48891","","","","",
"Monaco","MCO","Total alcohol consumption per capita (liters of pure alcohol, projected estimates, 15+ years of age)","SH.ALC.PCAP.LI","","","","","","","","","","","","","","","","","","","","","","","","","","","","","","","","","","","","","","","","","","","","","","","","","","","","","","","","","","","","","","","","",
"Moldova","MDA","Total alcohol consumption per capita (liters of pure alcohol, projected estimates, 15+ years of age)","SH.ALC.PCAP.LI","","","","","","","","","","","","","","","","","","","","","","","","","","","","","","","","","","","","","","","","","10.36363","","","","","12.94856","","","","","11.4277","","","","","11.34843","","","","11.36078","","","","",
"Madagascar","MDG","Total alcohol consumption per capita (liters of pure alcohol, projected estimates, 15+ years of age)","SH.ALC.PCAP.LI","","","","","","","","","","","","","","","","","","","","","","","","","","","","","","","","","","","","","","","","","1.46215","","","","","0.93599","","","","","1.06442","","","","","1.00935","","","","1.02054","","","","",
"Maldives","MDV","Total alcohol consumption per capita (liters of pure alcohol, projected estimates, 15+ years of age)","SH.ALC.PCAP.LI","","","","","","","","","","","","","","","","","","","","","","","","","","","","","","","","","","","","","","","","","1.74565","","","","","1.36587","","","","","1.55865","","","","","1.35468","","","","1.42565","","","","",
"Middle East & North Africa","MEA","Total alcohol consumption per capita (liters of pure alcohol, projected estimates, 15+ years of age)","SH.ALC.PCAP.LI","","","","","","","","","","","","","","","","","","","","","","","","","","","","","","","","","","","","","","","","","0.397099392400891","","","","","0.415901342113213","","","","","0.6663442730325","","","","","0.48978873123207","","","","0.529906460742611","","","","",
"Mexico","MEX","Total alcohol consumption per capita (liters of pure alcohol, projected estimates, 15+ years of age)","SH.ALC.PCAP.LI","","","","","","","","","","","","","","","","","","","","","","","","","","","","","","","","","","","","","","","","","6.16331","","","","","6.19044","","","","","5.23485","","","","","5.15441","","","","5.71942","","","","",
"Marshall Islands","MHL","Total alcohol consumption per capita (liters of pure alcohol, projected estimates, 15+ years of age)","SH.ALC.PCAP.LI","","","","","","","","","","","","","","","","","","","","","","","","","","","","","","","","","","","","","","","","","","","","","","","","","","","","","","","","","","","","","","","","",
"Middle income","MIC","Total alcohol consumption per capita (liters of pure alcohol, projected estimates, 15+ years of age)","SH.ALC.PCAP.LI","","","","","","","","","","","","","","","","","","","","","","","","","","","","","","","","","","","","","","","","","3.81244437320586","","","","","3.84180619413327","","","","","5.00371693530392","","","","","5.33114650200558","","","","4.78430264634487","","","","",
"North Macedonia","MKD","Total alcohol consumption per capita (liters of pure alcohol, projected estimates, 15+ years of age)","SH.ALC.PCAP.LI","","","","","","","","","","","","","","","","","","","","","","","","","","","","","","","","","","","","","","","","","4.46226","","","","","4.75787","","","","","4.32093","","","","","4.29946","","","","4.61578","","","","",
"Mali","MLI","Total alcohol consumption per capita (liters of pure alcohol, projected estimates, 15+ years of age)","SH.ALC.PCAP.LI","","","","","","","","","","","","","","","","","","","","","","","","","","","","","","","","","","","","","","","","","0.81598","","","","","0.77394","","","","","3.4041","","","","","4.58867","","","","4.34772","","","","",
"Malta","MLT","Total alcohol consumption per capita (liters of pure alcohol, projected estimates, 15+ years of age)","SH.ALC.PCAP.LI","","","","","","","","","","","","","","","","","","","","","","","","","","","","","","","","","","","","","","","","","5.69825","","","","","6.76578","","","","","6.90897","","","","","7.71665","","","","8.52383","","","","",
"Myanmar","MMR","Total alcohol consumption per capita (liters of pure alcohol, projected estimates, 15+ years of age)","SH.ALC.PCAP.LI","","","","","","","","","","","","","","","","","","","","","","","","","","","","","","","","","","","","","","","","","0.37324","","","","","0.7068","","","","","1.09515","","","","","1.61673","","","","2.11591","","","","",
"Middle East & North Africa (excluding high income)","MNA","Total alcohol consumption per capita (liters of pure alcohol, projected estimates, 15+ years of age)","SH.ALC.PCAP.LI","","","","","","","","","","","","","","","","","","","","","","","","","","","","","","","","","","","","","","","","","0.326300863055234","","","","","0.345447115146313","","","","","0.611257480758778","","","","","0.400918950648136","","","","0.449649846811981","","","","",
"Montenegro","MNE","Total alcohol consumption per capita (liters of pure alcohol, projected estimates, 15+ years of age)","SH.ALC.PCAP.LI","","","","","","","","","","","","","","","","","","","","","","","","","","","","","","","","","","","","","","","","","","","","","","","","","","","10.3988","","","","","9.55367","","","","10.34273","","","","",
"Mongolia","MNG","Total alcohol consumption per capita (liters of pure alcohol, projected estimates, 15+ years of age)","SH.ALC.PCAP.LI","","","","","","","","","","","","","","","","","","","","","","","","","","","","","","","","","","","","","","","","","2.83312","","","","","4.50856","","","","","7.7572","","","","","9.65784","","","","7.93383","","","","",
"Northern Mariana Islands","MNP","Total alcohol consumption per capita (liters of pure alcohol, projected estimates, 15+ years of age)","SH.ALC.PCAP.LI","","","","","","","","","","","","","","","","","","","","","","","","","","","","","","","","","","","","","","","","","","","","","","","","","","","","","","","","","","","","","","","","",
"Mozambique","MOZ","Total alcohol consumption per capita (liters of pure alcohol, projected estimates, 15+ years of age)","SH.ALC.PCAP.LI","","","","","","","","","","","","","","","","","","","","","","","","","","","","","","","","","","","","","","","","","1.09","","","","","1.04532","","","","","1.23083","","","","","1.75973","","","","2.02949","","","","",
"Mauritania","MRT","Total alcohol consumption per capita (liters of pure alcohol, projected estimates, 15+ years of age)","SH.ALC.PCAP.LI","","","","","","","","","","","","","","","","","","","","","","","","","","","","","","","","","","","","","","","","","0","","","","","0","","","","","0","","","","","0","","","","0","","","","",
"Mauritius","MUS","Total alcohol consumption per capita (liters of pure alcohol, projected estimates, 15+ years of age)","SH.ALC.PCAP.LI","","","","","","","","","","","","","","","","","","","","","","","","","","","","","","","","","","","","","","","","","8.0134","","","","","7.86182","","","","","7.67242","","","","","7.40097","","","","7.52215","","","","",
"Malawi","MWI","Total alcohol consumption per capita (liters of pure alcohol, projected estimates, 15+ years of age)","SH.ALC.PCAP.LI","","","","","","","","","","","","","","","","","","","","","","","","","","","","","","","","","","","","","","","","","3.00077","","","","","3.13159","","","","","3.57067","","","","","3.37375","","","","3.23678","","","","",
"Malaysia","MYS","Total alcohol consumption per capita (liters of pure alcohol, projected estimates, 15+ years of age)","SH.ALC.PCAP.LI","","","","","","","","","","","","","","","","","","","","","","","","","","","","","","","","","","","","","","","","","0.62349","","","","","0.58713","","","","","0.60138","","","","","0.65486","","","","0.75939","","","","",
"North America","NAC","Total alcohol consumption per capita (liters of pure alcohol, projected estimates, 15+ years of age)","SH.ALC.PCAP.LI","","","","","","","","","","","","","","","","","","","","","","","","","","","","","","","","","","","","","","","","","9.0854737156008","","","","","9.34302942142494","","","","","9.4324163699182","","","","","9.53052665146662","","","","9.60215685534308","","","","",
"Namibia","NAM","Total alcohol consumption per capita (liters of pure alcohol, projected estimates, 15+ years of age)","SH.ALC.PCAP.LI","","","","","","","","","","","","","","","","","","","","","","","","","","","","","","","","","","","","","","","","","4.65141","","","","","4.45443","","","","","4.95945","","","","","6.00647","","","","5.92607","","","","",
"New Caledonia","NCL","Total alcohol consumption per capita (liters of pure alcohol, projected estimates, 15+ years of age)","SH.ALC.PCAP.LI","","","","","","","","","","","","","","","","","","","","","","","","","","","","","","","","","","","","","","","","","","","","","","","","","","","","","","","","","","","","","","","","",
"Niger","NER","Total alcohol consumption per capita (liters of pure alcohol, projected estimates, 15+ years of age)","SH.ALC.PCAP.LI","","","","","","","","","","","","","","","","","","","","","","","","","","","","","","","","","","","","","","","","","0.13822","","","","","0.1403","","","","","0.1657","","","","","0.1825","","","","0.13121","","","","",
"Nigeria","NGA","Total alcohol consumption per capita (liters of pure alcohol, projected estimates, 15+ years of age)","SH.ALC.PCAP.LI","","","","","","","","","","","","","","","","","","","","","","","","","","","","","","","","","","","","","","","","","7.93168","","","","","7.90863","","","","","5.06426","","","","","4.38764","","","","4.21026","","","","",
"Nicaragua","NIC","Total alcohol consumption per capita (liters of pure alcohol, projected estimates, 15+ years of age)","SH.ALC.PCAP.LI","","","","","","","","","","","","","","","","","","","","","","","","","","","","","","","","","","","","","","","","","3.92988","","","","","4.1123","","","","","3.74944","","","","","4.11369","","","","4.17178","","","","",
"Netherlands","NLD","Total alcohol consumption per capita (liters of pure alcohol, projected estimates, 15+ years of age)","SH.ALC.PCAP.LI","","","","","","","","","","","","","","","","","","","","","","","","","","","","","","","","","","","","","","","","","11.13971","","","","","10.74507","","","","","10.19669","","","","","9.3835","","","","9.30324","","","","",
"Norway","NOR","Total alcohol consumption per capita (liters of pure alcohol, projected estimates, 15+ years of age)","SH.ALC.PCAP.LI","","","","","","","","","","","","","","","","","","","","","","","","","","","","","","","","","","","","","","","","","6.6346","","","","","7.26719","","","","","7.42912","","","","","6.82976","","","","6.80397","","","","",
"Nepal","NPL","Total alcohol consumption per capita (liters of pure alcohol, projected estimates, 15+ years of age)","SH.ALC.PCAP.LI","","","","","","","","","","","","","","","","","","","","","","","","","","","","","","","","","","","","","","","","","0.19932","","","","","0.31087","","","","","0.95337","","","","","1.21792","","","","1.36347","","","","",
"Nauru","NRU","Total alcohol consumption per capita (liters of pure alcohol, projected estimates, 15+ years of age)","SH.ALC.PCAP.LI","","","","","","","","","","","","","","","","","","","","","","","","","","","","","","","","","","","","","","","","","4.46581","","","","","2.75773","","","","","4.1628","","","","","2.94498","","","","2.94225","","","","",
"New Zealand","NZL","Total alcohol consumption per capita (liters of pure alcohol, projected estimates, 15+ years of age)","SH.ALC.PCAP.LI","","","","","","","","","","","","","","","","","","","","","","","","","","","","","","","","","","","","","","","","","9.77084","","","","","10.15271","","","","","10.27561","","","","","9.69342","","","","9.88698","","","","",
"OECD members","OED","Total alcohol consumption per capita (liters of pure alcohol, projected estimates, 15+ years of age)","SH.ALC.PCAP.LI","","","","","","","","","","","","","","","","","","","","","","","","","","","","","","","","","","","","","","","","","9.49683521056956","","","","","9.28731066740698","","","","","8.80545726696527","","","","","8.62852944250119","","","","8.63891388472149","","","","",
"Oman","OMN","Total alcohol consumption per capita (liters of pure alcohol, projected estimates, 15+ years of age)","SH.ALC.PCAP.LI","","","","","","","","","","","","","","","","","","","","","","","","","","","","","","","","","","","","","","","","","0.81881","","","","","1.0419","","","","","0.88015","","","","","0.80973","","","","0.87812","","","","",
"Other small states","OSS","Total alcohol consumption per capita (liters of pure alcohol, projected estimates, 15+ years of age)","SH.ALC.PCAP.LI","","","","","","","","","","","","","","","","","","","","","","","","","","","","","","","","","","","","","","","","","5.54915394519841","","","","","5.85916475804082","","","","","5.44790211940686","","","","","5.19414632609417","","","","4.89116543397833","","","","",
"Pakistan","PAK","Total alcohol consumption per capita (liters of pure alcohol, projected estimates, 15+ years of age)","SH.ALC.PCAP.LI","","","","","","","","","","","","","","","","","","","","","","","","","","","","","","","","","","","","","","","","","0.03306","","","","","0.05025","","","","","0.0792","","","","","0.09552","","","","0.10347","","","","",
"Panama","PAN","Total alcohol consumption per capita (liters of pure alcohol, projected estimates, 15+ years of age)","SH.ALC.PCAP.LI","","","","","","","","","","","","","","","","","","","","","","","","","","","","","","","","","","","","","","","","","5.37223","","","","","5.38225","","","","","6.50525","","","","","6.59","","","","6.5962","","","","",
"Peru","PER","Total alcohol consumption per capita (liters of pure alcohol, projected estimates, 15+ years of age)","SH.ALC.PCAP.LI","","","","","","","","","","","","","","","","","","","","","","","","","","","","","","","","","","","","","","","","","6.02938","","","","","6.17756","","","","","7.53994","","","","","7.54729","","","","7.45063","","","","",
"Philippines","PHL","Total alcohol consumption per capita (liters of pure alcohol, projected estimates, 15+ years of age)","SH.ALC.PCAP.LI","","","","","","","","","","","","","","","","","","","","","","","","","","","","","","","","","","","","","","","","","5.82457","","","","","5.63677","","","","","6.1214","","","","","5.85233","","","","6.1811","","","","",
"Palau","PLW","Total alcohol consumption per capita (liters of pure alcohol, projected estimates, 15+ years of age)","SH.ALC.PCAP.LI","","","","","","","","","","","","","","","","","","","","","","","","","","","","","","","","","","","","","","","","","","","","","","","","","","","","","","","","","","","","","","","","",
"Papua New Guinea","PNG","Total alcohol consumption per capita (liters of pure alcohol, projected estimates, 15+ years of age)","SH.ALC.PCAP.LI","","","","","","","","","","","","","","","","","","","","","","","","","","","","","","","","","","","","","","","","","2.17703","","","","","1.87577","","","","","1.401","","","","","1.72634","","","","1.69582","","","","",
"Poland","POL","Total alcohol consumption per capita (liters of pure alcohol, projected estimates, 15+ years of age)","SH.ALC.PCAP.LI","","","","","","","","","","","","","","","","","","","","","","","","","","","","","","","","","","","","","","","","","9.6517","","","","","10.71499","","","","","11.30438","","","","","11.46278","","","","11.62513","","","","",
"Pre-demographic dividend","PRE","Total alcohol consumption per capita (liters of pure alcohol, projected estimates, 15+ years of age)","SH.ALC.PCAP.LI","","","","","","","","","","","","","","","","","","","","","","","","","","","","","","","","","","","","","","","","","5.38080635342767","","","","","5.13668555530438","","","","","4.37744925667668","","","","","4.14912624583392","","","","3.9028222567928","","","","",
"Puerto Rico","PRI","Total alcohol consumption per capita (liters of pure alcohol, projected estimates, 15+ years of age)","SH.ALC.PCAP.LI","","","","","","","","","","","","","","","","","","","","","","","","","","","","","","","","","","","","","","","","","","","","","","","","","","","","","","","","","","","","","","","","",
"Korea, Dem. People's Rep.","PRK","Total alcohol consumption per capita (liters of pure alcohol, projected estimates, 15+ years of age)","SH.ALC.PCAP.LI","","","","","","","","","","","","","","","","","","","","","","","","","","","","","","","","","","","","","","","","","3.873","","","","","4.08559","","","","","4.42827","","","","","4.44885","","","","4.28537","","","","",
"Portugal","PRT","Total alcohol consumption per capita (liters of pure alcohol, projected estimates, 15+ years of age)","SH.ALC.PCAP.LI","","","","","","","","","","","","","","","","","","","","","","","","","","","","","","","","","","","","","","","","","12.77447","","","","","12.17916","","","","","11.40099","","","","","10.53851","","","","10.44538","","","","",
"Paraguay","PRY","Total alcohol consumption per capita (liters of pure alcohol, projected estimates, 15+ years of age)","SH.ALC.PCAP.LI","","","","","","","","","","","","","","","","","","","","","","","","","","","","","","","","","","","","","","","","","5.67541","","","","","5.88308","","","","","6.37117","","","","","5.41486","","","","5.60061","","","","",
"West Bank and Gaza","PSE","Total alcohol consumption per capita (liters of pure alcohol, projected estimates, 15+ years of age)","SH.ALC.PCAP.LI","","","","","","","","","","","","","","","","","","","","","","","","","","","","","","","","","","","","","","","","","","","","","","","","","","","","","","","","","","","","","","","","",
"Pacific island small states","PSS","Total alcohol consumption per capita (liters of pure alcohol, projected estimates, 15+ years of age)","SH.ALC.PCAP.LI","","","","","","","","","","","","","","","","","","","","","","","","","","","","","","","","","","","","","","","","","2.08452397332879","","","","","2.14975101323049","","","","","2.11766534485823","","","","","2.07489074799114","","","","2.38151896163374","","","","",
"Post-demographic dividend","PST","Total alcohol consumption per capita (liters of pure alcohol, projected estimates, 15+ years of age)","SH.ALC.PCAP.LI","","","","","","","","","","","","","","","","","","","","","","","","","","","","","","","","","","","","","","","","","10.3356296044461","","","","","10.0939002260531","","","","","9.72504671133233","","","","","9.48781284050355","","","","9.47810979095899","","","","",
"French Polynesia","PYF","Total alcohol consumption per capita (liters of pure alcohol, projected estimates, 15+ years of age)","SH.ALC.PCAP.LI","","","","","","","","","","","","","","","","","","","","","","","","","","","","","","","","","","","","","","","","","","","","","","","","","","","","","","","","","","","","","","","","",
"Qatar","QAT","Total alcohol consumption per capita (liters of pure alcohol, projected estimates, 15+ years of age)","SH.ALC.PCAP.LI","","","","","","","","","","","","","","","","","","","","","","","","","","","","","","","","","","","","","","","","","0.94173","","","","","1.30372","","","","","1.17065","","","","","1.16877","","","","1.14628","","","","",
"Romania","ROU","Total alcohol consumption per capita (liters of pure alcohol, projected estimates, 15+ years of age)","SH.ALC.PCAP.LI","","","","","","","","","","","","","","","","","","","","","","","","","","","","","","","","","","","","","","","","","19.04727","","","","","18.31993","","","","","17.61868","","","","","16.85203","","","","16.98964","","","","",
"Russian Federation","RUS","Total alcohol consumption per capita (liters of pure alcohol, projected estimates, 15+ years of age)","SH.ALC.PCAP.LI","","","","","","","","","","","","","","","","","","","","","","","","","","","","","","","","","","","","","","","","","13.85576","","","","","14.50008","","","","","13.75669","","","","","11.63634","","","","10.42279","","","","",
"Rwanda","RWA","Total alcohol consumption per capita (liters of pure alcohol, projected estimates, 15+ years of age)","SH.ALC.PCAP.LI","","","","","","","","","","","","","","","","","","","","","","","","","","","","","","","","","","","","","","","","","1.42785","","","","","1.3965","","","","","1.24794","","","","","1.37332","","","","1.87832","","","","",
"South Asia","SAS","Total alcohol consumption per capita (liters of pure alcohol, projected estimates, 15+ years of age)","SH.ALC.PCAP.LI","","","","","","","","","","","","","","","","","","","","","","","","","","","","","","","","","","","","","","","","","1.55407493693388","","","","","1.86686371016621","","","","","3.58598897077457","","","","","3.84929360379015","","","","3.81843071791178","","","","",
"Saudi Arabia","SAU","Total alcohol consumption per capita (liters of pure alcohol, projected estimates, 15+ years of age)","SH.ALC.PCAP.LI","","","","","","","","","","","","","","","","","","","","","","","","","","","","","","","","","","","","","","","","","0","","","","","0","","","","","0","","","","","0","","","","0","","","","",
"Sudan","SDN","Total alcohol consumption per capita (liters of pure alcohol, projected estimates, 15+ years of age)","SH.ALC.PCAP.LI","","","","","","","","","","","","","","","","","","","","","","","","","","","","","","","","","","","","","","","","","0","","","","","0","","","","","0.04509","","","","","0.18558","","","","0.00506","","","","",
"Senegal","SEN","Total alcohol consumption per capita (liters of pure alcohol, projected estimates, 15+ years of age)","SH.ALC.PCAP.LI","","","","","","","","","","","","","","","","","","","","","","","","","","","","","","","","","","","","","","","","","0.47277","","","","","0.47006","","","","","0.41237","","","","","0.37351","","","","0.40913","","","","",
"Singapore","SGP","Total alcohol consumption per capita (liters of pure alcohol, projected estimates, 15+ years of age)","SH.ALC.PCAP.LI","","","","","","","","","","","","","","","","","","","","","","","","","","","","","","","","","","","","","","","","","2.27639","","","","","1.61736","","","","","1.92265","","","","","1.91192","","","","1.87287","","","","",
"Solomon Islands","SLB","Total alcohol consumption per capita (liters of pure alcohol, projected estimates, 15+ years of age)","SH.ALC.PCAP.LI","","","","","","","","","","","","","","","","","","","","","","","","","","","","","","","","","","","","","","","","","0.75746","","","","","1.04491","","","","","1.11571","","","","","1.0704","","","","1.61601","","","","",
"Sierra Leone","SLE","Total alcohol consumption per capita (liters of pure alcohol, projected estimates, 15+ years of age)","SH.ALC.PCAP.LI","","","","","","","","","","","","","","","","","","","","","","","","","","","","","","","","","","","","","","","","","0.22448","","","","","0.22447","","","","","0.31206","","","","","0.30534","","","","0.26448","","","","",
"El Salvador","SLV","Total alcohol consumption per capita (liters of pure alcohol, projected estimates, 15+ years of age)","SH.ALC.PCAP.LI","","","","","","","","","","","","","","","","","","","","","","","","","","","","","","","","","","","","","","","","","3.14422","","","","","3.09464","","","","","2.70792","","","","","2.88672","","","","3.28108","","","","",
"San Marino","SMR","Total alcohol consumption per capita (liters of pure alcohol, projected estimates, 15+ years of age)","SH.ALC.PCAP.LI","","","","","","","","","","","","","","","","","","","","","","","","","","","","","","","","","","","","","","","","","","","","","","","","","","","","","","","","","","","","","","","","",
"Somalia","SOM","Total alcohol consumption per capita (liters of pure alcohol, projected estimates, 15+ years of age)","SH.ALC.PCAP.LI","","","","","","","","","","","","","","","","","","","","","","","","","","","","","","","","","","","","","","","","","0","","","","","0","","","","","0","","","","","0","","","","0","","","","",
"Serbia","SRB","Total alcohol consumption per capita (liters of pure alcohol, projected estimates, 15+ years of age)","SH.ALC.PCAP.LI","","","","","","","","","","","","","","","","","","","","","","","","","","","","","","","","","","","","","","","","","","","","","","","","","","","9.93455","","","","","7.84315","","","","7.88971","","","","",
"Sub-Saharan Africa (excluding high income)","SSA","Total alcohol consumption per capita (liters of pure alcohol, projected estimates, 15+ years of age)","SH.ALC.PCAP.LI","","","","","","","","","","","","","","","","","","","","","","","","","","","","","","","","","","","","","","","","","5.5488351188313","","","","","5.34290319204785","","","","","4.7286055494724","","","","","4.62894979889491","","","","4.46782426491996","","","","",
"South Sudan","SSD","Total alcohol consumption per capita (liters of pure alcohol, projected estimates, 15+ years of age)","SH.ALC.PCAP.LI","","","","","","","","","","","","","","","","","","","","","","","","","","","","","","","","","","","","","","","","","","","","","","","","","","","","","","","","","","","","","","","","",
"Sub-Saharan Africa","SSF","Total alcohol consumption per capita (liters of pure alcohol, projected estimates, 15+ years of age)","SH.ALC.PCAP.LI","","","","","","","","","","","","","","","","","","","","","","","","","","","","","","","","","","","","","","","","","5.54912849653161","","","","","5.3432964385355","","","","","4.72902737756525","","","","","4.62988613745102","","","","4.4687049289601","","","","",
"Small states","SST","Total alcohol consumption per capita (liters of pure alcohol, projected estimates, 15+ years of age)","SH.ALC.PCAP.LI","","","","","","","","","","","","","","","","","","","","","","","","","","","","","","","","","","","","","","","","","5.11917131219177","","","","","5.42899404561118","","","","","5.15834098733681","","","","","5.01599106063045","","","","4.83136982538857","","","","",
"Sao Tome and Principe","STP","Total alcohol consumption per capita (liters of pure alcohol, projected estimates, 15+ years of age)","SH.ALC.PCAP.LI","","","","","","","","","","","","","","","","","","","","","","","","","","","","","","","","","","","","","","","","","6.73692","","","","","7.25627","","","","","5.91618","","","","","5.92774","","","","5.00744","","","","",
"Suriname","SUR","Total alcohol consumption per capita (liters of pure alcohol, projected estimates, 15+ years of age)","SH.ALC.PCAP.LI","","","","","","","","","","","","","","","","","","","","","","","","","","","","","","","","","","","","","","","","","4.73893","","","","","4.96837","","","","","5.70046","","","","","5.67636","","","","6.63315","","","","",
"Slovak Republic","SVK","Total alcohol consumption per capita (liters of pure alcohol, projected estimates, 15+ years of age)","SH.ALC.PCAP.LI","","","","","","","","","","","","","","","","","","","","","","","","","","","","","","","","","","","","","","","","","11.09334","","","","","10.61838","","","","","10.54253","","","","","10.31864","","","","10.47519","","","","",
"Slovenia","SVN","Total alcohol consumption per capita (liters of pure alcohol, projected estimates, 15+ years of age)","SH.ALC.PCAP.LI","","","","","","","","","","","","","","","","","","","","","","","","","","","","","","","","","","","","","","","","","12.09817","","","","","11.8105","","","","","11.14347","","","","","11.57815","","","","10.97589","","","","",
"Sweden","SWE","Total alcohol consumption per capita (liters of pure alcohol, projected estimates, 15+ years of age)","SH.ALC.PCAP.LI","","","","","","","","","","","","","","","","","","","","","","","","","","","","","","","","","","","","","","","","","9.3746","","","","","9.31084","","","","","9.78872","","","","","9.4453","","","","9.29617","","","","",
"Eswatini","SWZ","Total alcohol consumption per capita (liters of pure alcohol, projected estimates, 15+ years of age)","SH.ALC.PCAP.LI","","","","","","","","","","","","","","","","","","","","","","","","","","","","","","","","","","","","","","","","","9.42971","","","","","8.09138","","","","","7.15288","","","","","7.7307","","","","8.09183","","","","",
"Sint Maarten (Dutch part)","SXM","Total alcohol consumption per capita (liters of pure alcohol, projected estimates, 15+ years of age)","SH.ALC.PCAP.LI","","","","","","","","","","","","","","","","","","","","","","","","","","","","","","","","","","","","","","","","","","","","","","","","","","","","","","","","","","","","","","","","",
"Seychelles","SYC","Total alcohol consumption per capita (liters of pure alcohol, projected estimates, 15+ years of age)","SH.ALC.PCAP.LI","","","","","","","","","","","","","","","","","","","","","","","","","","","","","","","","","","","","","","","","","7.41475","","","","","8.08049","","","","","7.76804","","","","","12.03243","","","","11.98621","","","","",
"Syrian Arab Republic","SYR","Total alcohol consumption per capita (liters of pure alcohol, projected estimates, 15+ years of age)","SH.ALC.PCAP.LI","","","","","","","","","","","","","","","","","","","","","","","","","","","","","","","","","","","","","","","","","1.2907","","","","","1.10844","","","","","0.99178","","","","","0.29004","","","","0.19829","","","","",
"Turks and Caicos Islands","TCA","Total alcohol consumption per capita (liters of pure alcohol, projected estimates, 15+ years of age)","SH.ALC.PCAP.LI","","","","","","","","","","","","","","","","","","","","","","","","","","","","","","","","","","","","","","","","","","","","","","","","","","","","","","","","","","","","","","","","",
"Chad","TCD","Total alcohol consumption per capita (liters of pure alcohol, projected estimates, 15+ years of age)","SH.ALC.PCAP.LI","","","","","","","","","","","","","","","","","","","","","","","","","","","","","","","","","","","","","","","","","2.51123","","","","","3.08073","","","","","3.85514","","","","","4.57617","","","","3.73055","","","","",
"East Asia & Pacific (IDA & IBRD countries)","TEA","Total alcohol consumption per capita (liters of pure alcohol, projected estimates, 15+ years of age)","SH.ALC.PCAP.LI","","","","","","","","","","","","","","","","","","","","","","","","","","","","","","","","","","","","","","","","","3.35567309549119","","","","","3.32977010579265","","","","","5.17014140936883","","","","","6.27264803629723","","","","5.1624099745568","","","","",
"Europe & Central Asia (IDA & IBRD countries)","TEC","Total alcohol consumption per capita (liters of pure alcohol, projected estimates, 15+ years of age)","SH.ALC.PCAP.LI","","","","","","","","","","","","","","","","","","","","","","","","","","","","","","","","","","","","","","","","","10.1219222829898","","","","","10.2349963718548","","","","","9.73824828260891","","","","","8.45480526762631","","","","7.84381536366997","","","","",
"Togo","TGO","Total alcohol consumption per capita (liters of pure alcohol, projected estimates, 15+ years of age)","SH.ALC.PCAP.LI","","","","","","","","","","","","","","","","","","","","","","","","","","","","","","","","","","","","","","","","","1.49688","","","","","1.69345","","","","","1.79366","","","","","1.72385","","","","1.42014","","","","",
"Thailand","THA","Total alcohol consumption per capita (liters of pure alcohol, projected estimates, 15+ years of age)","SH.ALC.PCAP.LI","","","","","","","","","","","","","","","","","","","","","","","","","","","","","","","","","","","","","","","","","8.61376","","","","","9.35967","","","","","7.56742","","","","","8.16237","","","","7.84894","","","","",
"Tajikistan","TJK","Total alcohol consumption per capita (liters of pure alcohol, projected estimates, 15+ years of age)","SH.ALC.PCAP.LI","","","","","","","","","","","","","","","","","","","","","","","","","","","","","","","","","","","","","","","","","0.90118","","","","","0.76232","","","","","0.69156","","","","","0.88627","","","","0.86628","","","","",
"Turkmenistan","TKM","Total alcohol consumption per capita (liters of pure alcohol, projected estimates, 15+ years of age)","SH.ALC.PCAP.LI","","","","","","","","","","","","","","","","","","","","","","","","","","","","","","","","","","","","","","","","","2.63152","","","","","2.65514","","","","","2.66016","","","","","3.20481","","","","2.92752","","","","",
"Latin America & the Caribbean (IDA & IBRD countries)","TLA","Total alcohol consumption per capita (liters of pure alcohol, projected estimates, 15+ years of age)","SH.ALC.PCAP.LI","","","","","","","","","","","","","","","","","","","","","","","","","","","","","","","","","","","","","","","","","6.87737247959003","","","","","6.70030154355497","","","","","6.771963898881","","","","","6.51795922324456","","","","6.20634198100325","","","","",
"Timor-Leste","TLS","Total alcohol consumption per capita (liters of pure alcohol, projected estimates, 15+ years of age)","SH.ALC.PCAP.LI","","","","","","","","","","","","","","","","","","","","","","","","","","","","","","","","","","","","","","","","","0.54794","","","","","0.3132","","","","","0.29577","","","","","0.47328","","","","0.40188","","","","",
"Middle East & North Africa (IDA & IBRD countries)","TMN","Total alcohol consumption per capita (liters of pure alcohol, projected estimates, 15+ years of age)","SH.ALC.PCAP.LI","","","","","","","","","","","","","","","","","","","","","","","","","","","","","","","","","","","","","","","","","0.326300863055234","","","","","0.345447115146313","","","","","0.611257480758778","","","","","0.400918950648136","","","","0.449649846811981","","","","",
"Tonga","TON","Total alcohol consumption per capita (liters of pure alcohol, projected estimates, 15+ years of age)","SH.ALC.PCAP.LI","","","","","","","","","","","","","","","","","","","","","","","","","","","","","","","","","","","","","","","","","1.46143","","","","","1.64124","","","","","1.18253","","","","","0.36311","","","","0.37713","","","","",
"South Asia (IDA & IBRD)","TSA","Total alcohol consumption per capita (liters of pure alcohol, projected estimates, 15+ years of age)","SH.ALC.PCAP.LI","","","","","","","","","","","","","","","","","","","","","","","","","","","","","","","","","","","","","","","","","1.55407493693388","","","","","1.86686371016621","","","","","3.58598897077457","","","","","3.84929360379015","","","","3.81843071791178","","","","",
"Sub-Saharan Africa (IDA & IBRD countries)","TSS","Total alcohol consumption per capita (liters of pure alcohol, projected estimates, 15+ years of age)","SH.ALC.PCAP.LI","","","","","","","","","","","","","","","","","","","","","","","","","","","","","","","","","","","","","","","","","5.54912849653161","","","","","5.3432964385355","","","","","4.72902737756525","","","","","4.62988613745102","","","","4.4687049289601","","","","",
"Trinidad and Tobago","TTO","Total alcohol consumption per capita (liters of pure alcohol, projected estimates, 15+ years of age)","SH.ALC.PCAP.LI","","","","","","","","","","","","","","","","","","","","","","","","","","","","","","","","","","","","","","","","","5.011","","","","","5.99176","","","","","6.15249","","","","","6.23252","","","","6.06472","","","","",
"Tunisia","TUN","Total alcohol consumption per capita (liters of pure alcohol, projected estimates, 15+ years of age)","SH.ALC.PCAP.LI","","","","","","","","","","","","","","","","","","","","","","","","","","","","","","","","","","","","","","","","","1.6287","","","","","1.70784","","","","","1.66206","","","","","2.02867","","","","2.01463","","","","",
"Turkiye","TUR","Total alcohol consumption per capita (liters of pure alcohol, projected estimates, 15+ years of age)","SH.ALC.PCAP.LI","","","","","","","","","","","","","","","","","","","","","","","","","","","","","","","","","","","","","","","","","2.46224","","","","","2.0562","","","","","2.12205","","","","","1.89513","","","","1.82036","","","","",
"Tuvalu","TUV","Total alcohol consumption per capita (liters of pure alcohol, projected estimates, 15+ years of age)","SH.ALC.PCAP.LI","","","","","","","","","","","","","","","","","","","","","","","","","","","","","","","","","","","","","","","","","1.75872","","","","","1.80488","","","","","1.59136","","","","","1.86243","","","","1.24819","","","","",
"Tanzania","TZA","Total alcohol consumption per capita (liters of pure alcohol, projected estimates, 15+ years of age)","SH.ALC.PCAP.LI","","","","","","","","","","","","","","","","","","","","","","","","","","","","","","","","","","","","","","","","","11.43022","","","","","11.5285","","","","","11.92389","","","","","11.64543","","","","10.35652","","","","",
"Uganda","UGA","Total alcohol consumption per capita (liters of pure alcohol, projected estimates, 15+ years of age)","SH.ALC.PCAP.LI","","","","","","","","","","","","","","","","","","","","","","","","","","","","","","","","","","","","","","","","","17.78958","","","","","17.15943","","","","","13.99821","","","","","13.28192","","","","12.2144","","","","",
"Ukraine","UKR","Total alcohol consumption per capita (liters of pure alcohol, projected estimates, 15+ years of age)","SH.ALC.PCAP.LI","","","","","","","","","","","","","","","","","","","","","","","","","","","","","","","","","","","","","","","","","10.5825","","","","","10.27644","","","","","11.65607","","","","","9.72957","","","","8.69842","","","","",
"Upper middle income","UMC","Total alcohol consumption per capita (liters of pure alcohol, projected estimates, 15+ years of age)","SH.ALC.PCAP.LI","","","","","","","","","","","","","","","","","","","","","","","","","","","","","","","","","","","","","","","","","4.86885057625235","","","","","4.73841223595313","","","","","5.96711406815376","","","","","6.52792439238964","","","","5.52083598969774","","","","",
"Uruguay","URY","Total alcohol consumption per capita (liters of pure alcohol, projected estimates, 15+ years of age)","SH.ALC.PCAP.LI","","","","","","","","","","","","","","","","","","","","","","","","","","","","","","","","","","","","","","","","","6.97211","","","","","6.39501","","","","","6.31048","","","","","6.02212","","","","5.45265","","","","",
"United States","USA","Total alcohol consumption per capita (liters of pure alcohol, projected estimates, 15+ years of age)","SH.ALC.PCAP.LI","","","","","","","","","","","","","","","","","","","","","","","","","","","","","","","","","","","","","","","","","9.05296","","","","","9.29658","","","","","9.34309","","","","","9.48589","","","","9.56731","","","","",
"Uzbekistan","UZB","Total alcohol consumption per capita (liters of pure alcohol, projected estimates, 15+ years of age)","SH.ALC.PCAP.LI","","","","","","","","","","","","","","","","","","","","","","","","","","","","","","","","","","","","","","","","","3.53753","","","","","4.33527","","","","","1.78629","","","","","2.54709","","","","2.60223","","","","",
"St. Vincent and the Grenadines","VCT","Total alcohol consumption per capita (liters of pure alcohol, projected estimates, 15+ years of age)","SH.ALC.PCAP.LI","","","","","","","","","","","","","","","","","","","","","","","","","","","","","","","","","","","","","","","","","4.5908","","","","","5.39126","","","","","6.65703","","","","","7.00715","","","","7.15801","","","","",
"Venezuela, RB","VEN","Total alcohol consumption per capita (liters of pure alcohol, projected estimates, 15+ years of age)","SH.ALC.PCAP.LI","","","","","","","","","","","","","","","","","","","","","","","","","","","","","","","","","","","","","","","","","8.17039","","","","","8.43051","","","","","7.74988","","","","","6.05004","","","","3.01625","","","","",
"British Virgin Islands","VGB","Total alcohol consumption per capita (liters of pure alcohol, projected estimates, 15+ years of age)","SH.ALC.PCAP.LI","","","","","","","","","","","","","","","","","","","","","","","","","","","","","","","","","","","","","","","","","","","","","","","","","","","","","","","","","","","","","","","","",
"Virgin Islands (U.S.)","VIR","Total alcohol consumption per capita (liters of pure alcohol, projected estimates, 15+ years of age)","SH.ALC.PCAP.LI","","","","","","","","","","","","","","","","","","","","","","","","","","","","","","","","","","","","","","","","","","","","","","","","","","","","","","","","","","","","","","","","",
"Viet Nam","VNM","Total alcohol consumption per capita (liters of pure alcohol, projected estimates, 15+ years of age)","SH.ALC.PCAP.LI","","","","","","","","","","","","","","","","","","","","","","","","","","","","","","","","","","","","","","","","","3.28119","","","","","4.80995","","","","","7.36591","","","","","8.85372","","","","9.33984","","","","",
"Vanuatu","VUT","Total alcohol consumption per capita (liters of pure alcohol, projected estimates, 15+ years of age)","SH.ALC.PCAP.LI","","","","","","","","","","","","","","","","","","","","","","","","","","","","","","","","","","","","","","","","","1.26851","","","","","1.17162","","","","","1.66663","","","","","1.68768","","","","1.87288","","","","",
"World","WLD","Total alcohol consumption per capita (liters of pure alcohol, projected estimates, 15+ years of age)","SH.ALC.PCAP.LI","","","","","","","","","","","","","","","","","","","","","","","","","","","","","","","","","","","","","","","","","5.10883707454574","","","","","5.00608614264391","","","","","5.72046084665499","","","","","5.89422680819688","","","","5.43478151944472","","","","",
"Samoa","WSM","Total alcohol consumption per capita (liters of pure alcohol, projected estimates, 15+ years of age)","SH.ALC.PCAP.LI","","","","","","","","","","","","","","","","","","","","","","","","","","","","","","","","","","","","","","","","","4.04168","","","","","3.88371","","","","","2.59398","","","","","2.18089","","","","2.39054","","","","",
"Kosovo","XKX","Total alcohol consumption per capita (liters of pure alcohol, projected estimates, 15+ years of age)","SH.ALC.PCAP.LI","","","","","","","","","","","","","","","","","","","","","","","","","","","","","","","","","","","","","","","","","","","","","","","","","","","","","","","","","","","","","","","","",
"Yemen, Rep.","YEM","Total alcohol consumption per capita (liters of pure alcohol, projected estimates, 15+ years of age)","SH.ALC.PCAP.LI","","","","","","","","","","","","","","","","","","","","","","","","","","","","","","","","","","","","","","","","","0.12236","","","","","0.07173","","","","","0.05843","","","","","0.04023","","","","0.02778","","","","",
"South Africa","ZAF","Total alcohol consumption per capita (liters of pure alcohol, projected estimates, 15+ years of age)","SH.ALC.PCAP.LI","","","","","","","","","","","","","","","","","","","","","","","","","","","","","","","","","","","","","","","","","8.96411","","","","","8.74658","","","","","8.67807","","","","","8.88007","","","","8.76621","","","","",
"Zambia","ZMB","Total alcohol consumption per capita (liters of pure alcohol, projected estimates, 15+ years of age)","SH.ALC.PCAP.LI","","","","","","","","","","","","","","","","","","","","","","","","","","","","","","","","","","","","","","","","","3.5577","","","","","3.3306","","","","","3.30821","","","","","3.72765","","","","3.85176","","","","",
"Zimbabwe","ZWE","Total alcohol consumption per capita (liters of pure alcohol, projected estimates, 15+ years of age)","SH.ALC.PCAP.LI","","","","","","","","","","","","","","","","","","","","","","","","","","","","","","","","","","","","","","","","","3.0261","","","","","2.74545","","","","","3.31307","","","","","3.74794","","","","3.62809","","","","",
